{"Version":1,"ManifestType":"Publish","Endpoints":[{"Route":"default.html","AssetFile":"default.html","Selectors":[],"ResponseHeaders":[{"Name":"Accept-Ranges","Value":"bytes"},{"Name":"Cache-Control","Value":"no-cache"},{"Name":"Content-Length","Value":"19407"},{"Name":"Content-Type","Value":"text/html"},{"Name":"ETag","Value":"\"U1CA78xFAl0NQH2av1BnvrY1/q+X7BJioTsRfqaLFFI=\""},{"Name":"Last-Modified","Value":"Fri, 27 Jun 2025 06:50:09 GMT"}],"EndpointProperties":[{"Name":"integrity","Value":"sha256-U1CA78xFAl0NQH2av1BnvrY1/q+X7BJioTsRfqaLFFI="}]},{"Route":"default.zskkuvznw4.html","AssetFile":"default.html","Selectors":[],"ResponseHeaders":[{"Name":"Accept-Ranges","Value":"bytes"},{"Name":"Cache-Control","Value":"max-age=31536000, immutable"},{"Name":"Content-Length","Value":"19407"},{"Name":"Content-Type","Value":"text/html"},{"Name":"ETag","Value":"\"U1CA78xFAl0NQH2av1BnvrY1/q+X7BJioTsRfqaLFFI=\""},{"Name":"Last-Modified","Value":"Fri, 27 Jun 2025 06:50:09 GMT"}],"EndpointProperties":[{"Name":"fingerprint","Value":"zskkuvznw4"},{"Name":"integrity","Value":"sha256-U1CA78xFAl0NQH2av1BnvrY1/q+X7BJioTsRfqaLFFI="},{"Name":"label","Value":"default.html"}]}]}